,latitude,longitude,recorded_timestamp
0,13.765215,100.495644,2023-02-02 15:25:12
1,13.764412,100.495117,2023-02-02 15:30:15
2,13.763936,100.494621,2023-02-02 15:35:13
3,13.762956,100.493561,2023-02-02 16:00:16
4,13.762598,100.493179,2023-02-02 16:05:18
5,13.762337,100.492912,2023-02-02 16:10:18
6,13.762225,100.492813,2023-02-02 16:15:26
7,13.762118,100.492615,2023-02-02 16:20:22
8,13.761722,100.492188,2023-02-02 16:25:23
9,13.761271,100.491615,2023-02-02 16:30:25
10,13.76058,100.490944,2023-02-02 16:35:25
11,13.759039,100.489807,2023-02-02 16:45:28
12,13.758439,100.489578,2023-02-02 16:50:28
13,13.758016,100.489471,2023-02-02 16:55:30
14,13.75784,100.489487,2023-02-02 17:00:30
15,13.757844,100.489395,2023-02-02 17:05:36
16,13.757874,100.489456,2023-02-02 17:10:30
17,13.757861,100.489464,2023-02-02 17:15:36
18,13.757861,100.489464,2023-02-02 17:15:36
19,13.757766,100.489502,2023-02-02 17:20:57
20,13.757779,100.489334,2023-02-02 17:25:44
21,13.757795,100.489563,2023-02-02 17:30:51
22,13.757727,100.489601,2023-02-02 17:35:46
23,13.757774,100.489494,2023-02-02 17:40:42
24,13.757774,100.489494,2023-02-02 17:40:42
25,13.757724,100.489403,2023-02-02 17:45:42
26,13.757772,100.489548,2023-02-02 17:50:39
27,13.757768,100.489372,2023-02-02 17:55:43
28,13.757841,100.489418,2023-02-02 18:00:44
29,13.757794,100.489456,2023-02-02 18:05:42
30,13.757794,100.489456,2023-02-02 18:05:42
31,13.757725,100.489426,2023-02-02 18:10:41
32,13.757645,100.489365,2023-02-02 18:15:42
33,13.757555,100.489319,2023-02-02 18:20:41
34,13.757555,100.489319,2023-02-02 18:20:41
35,13.757499,100.489296,2023-02-02 18:26:10
36,13.757386,100.489235,2023-02-02 18:31:10
37,13.757283,100.489204,2023-02-02 18:36:08
38,13.757283,100.489204,2023-02-02 18:36:08
39,13.75719,100.489151,2023-02-02 18:41:11
40,13.756794,100.48893,2023-02-02 18:46:11
41,13.756454,100.488708,2023-02-02 18:51:13
42,13.756454,100.488708,2023-02-02 18:51:13
43,13.756594,100.48867,2023-02-02 18:59:07
44,13.756432,100.488655,2023-02-02 19:28:50
45,13.756432,100.488655,2023-02-02 19:28:50
46,13.756414,100.488831,2023-02-02 19:50:39
47,13.756563,100.48848,2023-02-03 06:09:25
48,13.756569,100.488701,2023-02-03 06:24:34
49,13.756557,100.488823,2023-02-03 06:28:59
50,13.756557,100.488823,2023-02-03 06:28:59
51,13.75648,100.488815,2023-02-03 06:44:36
52,13.756507,100.488739,2023-02-03 06:49:07
53,13.756509,100.488831,2023-02-03 06:54:08
54,13.756687,100.488831,2023-02-03 06:59:30
55,13.757724,100.489098,2023-02-03 07:19:08
56,13.75811,100.489227,2023-02-03 07:24:07
57,13.758861,100.489395,2023-02-03 07:29:08
58,13.759874,100.489792,2023-02-03 07:34:08
59,13.761017,100.490555,2023-02-03 07:39:13
60,13.762037,100.49157,2023-02-03 07:44:13
61,13.763049,100.492577,2023-02-03 07:49:17
62,13.764622,100.493736,2023-02-03 07:54:18
63,13.766599,100.495277,2023-02-03 07:59:18
64,13.768757,100.496887,2023-02-03 08:04:19
65,13.768757,100.496887,2023-02-03 08:04:19
66,13.770995,100.498184,2023-02-03 08:09:19
67,13.773347,100.499252,2023-02-03 08:14:24
68,13.773347,100.499252,2023-02-03 08:14:24
69,13.775459,100.500122,2023-02-03 08:19:25
70,13.777325,100.50087,2023-02-03 08:24:26
71,13.779228,100.501457,2023-02-03 08:29:27
72,13.781219,100.502106,2023-02-03 08:34:30
73,13.783002,100.503021,2023-02-03 08:39:30
74,13.784594,100.504082,2023-02-03 08:44:30
75,13.786233,100.505287,2023-02-03 08:49:30
76,13.787786,100.506706,2023-02-03 08:54:32
77,13.789186,100.508179,2023-02-03 08:59:31
78,13.790665,100.509621,2023-02-03 09:04:38
79,13.79212,100.510979,2023-02-03 09:09:38
80,13.793613,100.512405,2023-02-03 09:14:39
81,13.795186,100.513672,2023-02-03 09:19:38
82,13.796919,100.514816,2023-02-03 09:24:39
83,13.798815,100.515915,2023-02-03 09:29:38
84,13.807016,100.518227,2023-02-03 09:50:01
85,13.8084,100.518196,2023-02-03 09:54:45
86,13.809661,100.517662,2023-02-03 09:59:45
87,13.811554,100.516838,2023-02-03 10:04:47
88,13.812949,100.515991,2023-02-03 10:09:52
89,13.813885,100.514618,2023-02-03 10:14:51
90,13.813885,100.514618,2023-02-03 10:14:51
91,13.814657,100.513016,2023-02-03 10:19:53
92,13.815194,100.511497,2023-02-03 10:24:54
93,13.815713,100.509933,2023-02-03 10:29:48
94,13.815713,100.509933,2023-02-03 10:29:48
95,13.817388,100.505615,2023-02-03 10:45:30
96,13.817786,100.504776,2023-02-03 10:50:01
97,13.818254,100.504112,2023-02-03 10:54:30
98,13.818254,100.504112,2023-02-03 10:54:30
99,13.819319,100.503548,2023-02-03 11:15:30
100,13.819319,100.503548,2023-02-03 11:15:30
101,13.81938,100.503525,2023-02-03 11:20:05
102,13.81938,100.503525,2023-02-03 11:20:05
103,13.819426,100.503563,2023-02-03 11:25:30
104,13.819574,100.503609,2023-02-03 11:53:07
105,13.819574,100.503609,2023-02-03 11:53:07
106,13.819617,100.50386,2023-02-03 17:07:08
107,13.819601,100.503838,2023-02-03 17:11:27
108,13.819422,100.504013,2023-02-04 08:47:47
109,13.819422,100.504013,2023-02-04 08:47:47
110,13.819422,100.503738,2023-02-04 10:11:37
111,13.819384,100.504021,2023-02-04 10:15:57
112,13.819384,100.504021,2023-02-04 10:15:57
113,13.819372,100.503983,2023-02-04 11:17:03
114,13.819422,100.503983,2023-02-04 11:48:06
115,13.819438,100.50399,2023-02-04 11:59:24
116,13.8195,100.503975,2023-02-04 12:04:21
117,13.819488,100.503983,2023-02-04 12:04:24
118,13.819488,100.503983,2023-02-04 12:04:24
119,13.819376,100.503998,2023-02-04 12:12:42
120,13.819277,100.503952,2023-02-04 12:17:13
121,13.819144,100.503914,2023-02-04 12:22:10
122,13.819144,100.503914,2023-02-04 12:22:10
123,13.81943,100.503937,2023-02-04 12:28:14
124,13.81926,100.504021,2023-02-04 12:48:33
125,13.819274,100.504021,2023-02-04 12:52:58
126,13.81924,100.504036,2023-02-04 13:09:34
127,13.819368,100.503853,2023-02-04 13:21:39
128,13.819221,100.504135,2023-02-04 13:25:36
129,13.819221,100.504135,2023-02-04 13:25:36
130,13.819215,100.504074,2023-02-04 13:30:33
131,13.819215,100.504074,2023-02-04 13:30:33
132,13.819457,100.50441,2023-02-04 16:23:06
133,13.819484,100.504372,2023-02-04 16:27:01
134,13.819211,100.503906,2023-02-04 16:35:40
135,13.819356,100.504295,2023-02-04 16:39:49
136,13.819383,100.503975,2023-02-04 17:53:00
137,13.819343,100.50412,2023-02-04 17:56:56
138,13.819343,100.50412,2023-02-04 17:56:56
139,13.819139,100.504189,2023-02-04 20:56:30
140,13.819139,100.504189,2023-02-04 20:56:30
141,13.819296,100.504021,2023-02-05 09:58:29
142,13.819296,100.504021,2023-02-05 09:58:29
143,13.819239,100.503998,2023-02-05 09:58:34
144,13.819418,100.503891,2023-02-05 16:01:51
145,13.819418,100.503891,2023-02-05 16:01:51
146,13.819496,100.504089,2023-02-05 16:36:04
147,13.819352,100.50412,2023-02-06 06:58:11
148,13.819294,100.504272,2023-02-06 07:03:05
149,13.819337,100.504166,2023-02-06 07:17:08
150,13.819377,100.504219,2023-02-06 07:27:09
151,13.819337,100.50425,2023-02-06 07:44:43
152,13.819285,100.504234,2023-02-07 07:29:58
153,13.819289,100.504234,2023-02-07 07:30:06
154,13.819289,100.504234,2023-02-07 07:30:06
155,13.819208,100.504089,2023-02-07 07:33:55
156,13.819208,100.504089,2023-02-07 07:33:55
157,13.819217,100.504166,2023-02-07 08:07:08
158,13.819163,100.50383,2023-02-07 09:33:36
159,13.819112,100.504097,2023-02-07 09:52:21
160,13.819333,100.504242,2023-02-07 10:02:58
161,13.819255,100.50425,2023-02-07 15:56:39
162,13.819217,100.504181,2023-02-07 16:01:22
163,13.819217,100.504181,2023-02-07 16:01:22
164,13.819402,100.504395,2023-02-07 16:21:24
165,13.819346,100.504333,2023-02-07 16:25:36
166,13.81929,100.504318,2023-02-07 16:30:34
167,13.819296,100.504211,2023-02-07 16:34:47
168,13.819296,100.504211,2023-02-07 16:34:47
169,13.819288,100.504402,2023-02-07 16:39:43
170,13.819288,100.504402,2023-02-07 16:39:43
171,13.819288,100.504295,2023-02-07 16:50:05
172,13.819239,100.504219,2023-02-07 16:54:48
173,13.819239,100.504219,2023-02-07 16:54:48
174,13.819158,100.504219,2023-02-07 16:59:56
175,13.819247,100.504128,2023-02-07 17:05:03
176,13.819247,100.504128,2023-02-07 17:05:03
177,13.819127,100.503952,2023-02-07 17:06:22
178,13.819265,100.504448,2023-02-07 17:11:20
179,13.819173,100.504356,2023-02-08 18:32:46
180,13.819093,100.504364,2023-02-08 18:37:07
181,13.819077,100.504326,2023-02-08 18:46:02
182,13.819189,100.504311,2023-02-08 18:50:21
183,13.819189,100.504311,2023-02-08 18:50:21
184,13.819176,100.504311,2023-02-08 18:55:26
185,13.819176,100.504311,2023-02-08 18:55:26
186,13.819176,100.504311,2023-02-08 18:55:26
187,13.819176,100.504311,2023-02-08 18:55:26
188,13.819198,100.504295,2023-02-08 19:18:02
189,13.81918,100.504578,2023-02-10 06:29:50
190,13.81918,100.504578,2023-02-10 06:29:50
191,13.819133,100.504425,2023-02-10 06:31:37
192,13.819234,100.504448,2023-02-10 06:57:48
193,13.819234,100.504448,2023-02-10 06:57:48
194,13.819232,100.504486,2023-02-10 06:57:51
195,13.81904,100.504257,2023-02-10 07:02:48
196,13.81904,100.504257,2023-02-10 07:02:48
197,13.819141,100.504433,2023-02-10 08:52:07
198,13.819126,100.504196,2023-02-10 08:57:56
199,13.819126,100.504196,2023-02-10 08:57:56
200,13.819196,100.50428,2023-02-10 09:47:32
201,13.819165,100.504463,2023-02-10 10:07:00
202,13.819165,100.504463,2023-02-10 10:07:00
203,13.819188,100.50441,2023-02-10 10:16:20
204,13.819115,100.504372,2023-02-10 10:21:24
205,13.819182,100.504395,2023-02-10 10:46:10
206,13.819182,100.504395,2023-02-10 10:46:10
207,13.819225,100.504425,2023-02-10 11:05:03
208,13.819225,100.504425,2023-02-10 11:05:03
209,13.819152,100.504364,2023-02-10 11:16:03
210,13.819161,100.50441,2023-02-10 11:42:06
211,13.819192,100.504448,2023-02-10 11:46:55
212,13.819187,100.504433,2023-02-10 12:00:05
213,13.819187,100.504433,2023-02-10 12:00:05
214,13.819249,100.504143,2023-02-11 09:27:05
215,13.819221,100.504166,2023-02-11 09:51:04
216,13.819221,100.504166,2023-02-11 09:51:04
217,13.819263,100.504166,2023-02-11 10:07:34
218,13.819238,100.504417,2023-02-11 10:10:01
219,13.819238,100.504417,2023-02-11 10:10:01
220,13.819254,100.504372,2023-02-11 10:16:59
221,13.819254,100.504372,2023-02-11 10:16:59
222,13.819195,100.504311,2023-02-11 10:36:03
223,13.819105,100.504341,2023-02-11 10:44:03
224,13.819105,100.504341,2023-02-11 10:44:03
225,13.819236,100.504379,2023-02-11 10:48:31
226,13.819236,100.504379,2023-02-11 10:48:31
227,13.819243,100.504402,2023-02-11 11:09:32
228,13.819243,100.504402,2023-02-11 11:09:32
229,13.819286,100.504402,2023-02-11 11:48:07
230,13.819278,100.504356,2023-02-11 11:51:49
231,13.819278,100.504356,2023-02-11 11:51:49
232,13.819215,100.504288,2023-02-11 11:56:54
233,13.819245,100.504349,2023-02-11 12:06:31
234,13.819256,100.504379,2023-02-11 12:11:04
235,13.819185,100.504234,2023-02-11 12:16:14
236,13.819185,100.504234,2023-02-11 12:16:14
237,13.819314,100.504372,2023-02-12 00:12:03
238,13.819314,100.504372,2023-02-12 00:12:03
239,13.819316,100.504425,2023-02-12 00:20:44
240,13.819316,100.504425,2023-02-12 00:20:44
241,13.819242,100.504349,2023-02-12 08:14:33
242,13.819214,100.504326,2023-02-12 08:18:58
243,13.819174,100.504303,2023-02-12 08:23:53
244,13.819251,100.504295,2023-02-12 08:28:55
245,13.819301,100.50425,2023-02-12 08:33:54
246,13.819317,100.504219,2023-02-12 08:38:52
247,13.81936,100.504219,2023-02-12 08:43:54
248,13.819399,100.50415,2023-02-12 08:48:54
249,13.819399,100.50415,2023-02-12 08:48:54
250,13.819319,100.504196,2023-02-12 08:54:00
251,13.819362,100.50399,2023-02-12 08:59:00
252,13.819378,100.504112,2023-02-12 09:22:33
253,13.819337,100.504089,2023-02-12 09:27:22
254,13.819337,100.504089,2023-02-12 09:27:22
255,13.819234,100.504395,2023-02-12 09:33:12
256,13.819231,100.504395,2023-02-12 09:52:32
257,13.819231,100.504395,2023-02-12 09:52:32
258,13.81927,100.504372,2023-02-12 10:30:32
259,13.819241,100.504379,2023-02-12 10:35:01
260,13.819239,100.504463,2023-02-12 11:11:02
261,13.819246,100.504379,2023-02-12 11:45:06
262,13.819246,100.504379,2023-02-12 11:45:06
263,13.819215,100.504379,2023-02-12 11:50:06
264,13.819215,100.504379,2023-02-12 11:50:06
265,13.819229,100.50441,2023-02-12 12:03:02
266,13.819233,100.504341,2023-02-12 12:07:29
267,13.819225,100.504463,2023-02-12 12:12:31
268,13.819196,100.504433,2023-02-12 12:17:32
269,13.819196,100.504433,2023-02-12 12:17:32
270,13.819152,100.504387,2023-02-12 12:46:17
271,13.819309,100.504295,2023-02-12 12:51:24
272,13.819309,100.504295,2023-02-12 12:51:24
273,13.81915,100.504768,2023-02-12 13:18:50
274,13.819135,100.504379,2023-02-12 21:12:01
275,13.819232,100.504211,2023-02-13 08:03:12
276,13.819232,100.504211,2023-02-13 08:03:12
277,13.819229,100.504166,2023-02-13 08:07:49
278,13.819229,100.504166,2023-02-13 08:07:49
279,13.819237,100.504181,2023-02-13 08:16:00
280,13.819239,100.504341,2023-02-13 08:20:36
281,13.819239,100.504341,2023-02-13 08:20:36
282,13.819289,100.504356,2023-02-13 08:23:00
283,13.819266,100.504402,2023-02-13 08:27:34
284,13.819266,100.504402,2023-02-13 08:27:34
285,13.8192,100.504341,2023-02-13 08:42:06
286,13.819258,100.504425,2023-02-13 08:46:29
287,13.819258,100.504425,2023-02-13 08:46:29
288,13.819393,100.504189,2023-02-13 08:51:30
289,13.819425,100.504356,2023-02-13 08:56:27
290,13.819425,100.504356,2023-02-13 08:56:27
291,13.819343,100.50441,2023-02-13 08:56:35
292,13.819343,100.50441,2023-02-13 08:56:35
293,13.819357,100.504112,2023-02-13 09:26:39
294,13.819365,100.50396,2023-02-13 09:33:34
295,13.819224,100.504021,2023-02-13 09:43:04
296,13.819224,100.504021,2023-02-13 09:43:04
297,13.819287,100.504257,2023-02-13 09:47:48
298,13.819287,100.504257,2023-02-13 09:47:48
299,13.819319,100.504372,2023-02-13 11:12:34
300,13.819319,100.504372,2023-02-13 11:12:34
301,13.819236,100.504387,2023-02-13 11:16:42
302,13.819236,100.504387,2023-02-13 11:16:42
303,13.819253,100.504395,2023-02-13 11:47:13
304,13.819253,100.504395,2023-02-13 11:47:13
305,13.81925,100.504372,2023-02-13 11:47:16
306,13.819176,100.504364,2023-02-13 12:06:04
307,13.819176,100.504364,2023-02-13 12:06:04
308,13.8192,100.504402,2023-02-13 12:12:39
309,13.819309,100.504379,2023-02-13 12:17:00
310,13.819234,100.504379,2023-02-13 12:21:57
311,13.819176,100.503845,2023-02-14 09:07:57
312,13.819324,100.504066,2023-02-14 09:12:49
313,13.819285,100.503822,2023-02-14 09:17:54
314,13.819285,100.503822,2023-02-14 09:17:54
315,13.819359,100.503654,2023-02-14 09:29:15
316,13.819458,100.503967,2023-02-14 09:33:41
317,13.819458,100.503967,2023-02-14 09:33:41
318,13.819436,100.503937,2023-02-14 09:33:48
319,13.819436,100.503937,2023-02-14 09:33:48
320,13.819283,100.504417,2023-02-14 09:40:59
321,13.819271,100.504402,2023-02-14 09:45:13
322,13.819271,100.504402,2023-02-14 09:45:13
323,13.819287,100.504372,2023-02-14 09:55:36
324,13.819252,100.504372,2023-02-14 10:17:31
325,13.81931,100.504356,2023-02-14 10:22:04
326,13.819323,100.504364,2023-02-14 10:37:01
327,13.819306,100.504379,2023-02-14 10:41:49
328,13.819306,100.504379,2023-02-14 10:41:49
329,13.819333,100.504295,2023-02-14 10:48:03
330,13.819267,100.504372,2023-02-14 11:17:29
331,13.819267,100.504372,2023-02-14 11:17:29
332,13.819287,100.504311,2023-02-14 11:22:32
333,13.819463,100.504257,2023-02-14 11:45:06
334,13.819463,100.504257,2023-02-14 11:45:06
335,13.819237,100.504395,2023-02-15 08:10:05
336,13.819258,100.504356,2023-02-15 08:22:33
337,13.819347,100.504364,2023-02-15 08:47:32
338,13.819347,100.504364,2023-02-15 08:47:32
339,13.819273,100.504387,2023-02-15 08:51:36
340,13.819412,100.50444,2023-02-15 10:02:33
341,13.819412,100.50444,2023-02-15 10:02:33
342,13.819224,100.504265,2023-02-15 10:07:24
343,13.819224,100.504265,2023-02-15 10:07:24
344,13.81924,100.504349,2023-02-15 11:22:28
345,13.81924,100.504349,2023-02-15 11:22:28
346,13.819242,100.504356,2023-02-15 11:22:32
347,13.819242,100.504356,2023-02-15 11:22:32
348,13.819648,100.503639,2023-02-15 11:41:49
349,13.819249,100.504623,2023-02-15 11:45:33
350,13.819249,100.504623,2023-02-15 11:45:33
351,13.819236,100.504669,2023-02-15 11:45:39
352,13.819236,100.504669,2023-02-15 11:45:39
353,13.819275,100.504478,2023-02-15 12:11:10
354,13.819221,100.504471,2023-02-15 12:15:30
355,13.819221,100.504471,2023-02-15 12:15:30
356,13.8193,100.504402,2023-02-15 12:23:32
357,13.819283,100.504395,2023-02-15 12:37:08
358,13.819314,100.504448,2023-02-15 12:41:56
359,13.819292,100.504341,2023-02-15 12:46:22
360,13.819292,100.504341,2023-02-15 12:46:22
361,13.819305,100.504311,2023-02-15 12:51:20
362,13.819305,100.504311,2023-02-15 12:51:20
363,13.819267,100.504372,2023-02-15 12:54:31
364,13.819274,100.504356,2023-02-15 13:02:02
365,13.819258,100.504349,2023-02-15 13:10:32
366,13.819283,100.504379,2023-02-15 13:14:49
367,13.819251,100.504456,2023-02-15 13:22:02
368,13.819277,100.504333,2023-02-16 06:10:01
369,13.819277,100.504333,2023-02-16 06:10:01
370,13.819294,100.504341,2023-02-16 06:14:37
371,13.819294,100.504341,2023-02-16 06:14:37
372,13.819312,100.504326,2023-02-16 06:25:32
373,13.819306,100.504272,2023-02-16 06:45:08
374,13.819306,100.504272,2023-02-16 06:45:08
375,13.819297,100.504272,2023-02-16 06:45:14
376,13.819297,100.504272,2023-02-16 06:45:14
377,13.819297,100.504272,2023-02-16 06:45:14
378,13.819376,100.504356,2023-02-16 07:57:52
379,13.819376,100.504356,2023-02-16 07:57:52
380,13.819376,100.504356,2023-02-16 07:57:52
381,13.819376,100.504356,2023-02-16 07:57:52
382,13.819375,100.504349,2023-02-16 07:57:55
383,13.819375,100.504349,2023-02-16 07:57:55
384,13.819339,100.504211,2023-02-17 06:41:25
385,13.819298,100.504333,2023-02-17 06:45:42
386,13.819298,100.504333,2023-02-17 06:45:42
387,13.819281,100.504311,2023-02-17 07:02:08
388,13.819363,100.504356,2023-02-17 07:06:37
389,13.819363,100.504356,2023-02-17 07:06:37
390,13.819341,100.504517,2023-02-17 07:11:41
391,13.81932,100.504379,2023-02-17 07:15:34
392,13.81929,100.504387,2023-02-17 07:20:32
393,13.819304,100.504349,2023-02-17 07:25:49
394,13.819304,100.504349,2023-02-17 07:25:49
395,13.819264,100.504196,2023-02-17 07:30:44
396,13.819349,100.504272,2023-02-17 07:35:49
397,13.819309,100.504257,2023-02-17 07:40:45
398,13.819275,100.504417,2023-02-17 07:45:54
399,13.81926,100.504501,2023-02-17 07:50:55
400,13.819303,100.504349,2023-02-17 07:56:27
401,13.819303,100.504349,2023-02-17 07:56:27
402,13.819364,100.504181,2023-02-17 08:01:21
403,13.819364,100.504181,2023-02-17 08:01:21
404,13.819363,100.504189,2023-02-17 08:01:29
405,13.819363,100.504189,2023-02-17 08:01:29
406,13.819309,100.504265,2023-02-17 08:06:29
407,13.819287,100.50444,2023-02-17 08:11:35
408,13.819169,100.504387,2023-02-17 08:16:23
409,13.81936,100.504379,2023-02-17 08:21:31
410,13.819409,100.504173,2023-02-17 09:53:05
411,13.819389,100.504349,2023-02-17 09:58:09
412,13.819717,100.503471,2023-02-17 10:16:52
413,13.819364,100.504364,2023-02-17 10:21:35
414,13.819364,100.504364,2023-02-17 10:21:35
415,13.819246,100.504349,2023-02-17 10:26:39
416,13.819246,100.504349,2023-02-17 10:26:39
417,13.819306,100.504349,2023-02-17 10:44:25
418,13.819364,100.504333,2023-02-17 10:48:48
419,13.819299,100.504265,2023-02-17 10:53:47
420,13.819355,100.50415,2023-02-17 11:16:38
421,13.819355,100.50415,2023-02-17 11:16:38
422,13.818978,100.504341,2023-02-17 11:48:08
423,13.819448,100.504326,2023-02-17 11:52:39
424,13.819448,100.504326,2023-02-17 11:52:39
425,13.8192,100.504433,2023-02-17 12:13:41
426,13.8192,100.504433,2023-02-17 12:13:41
427,13.819404,100.504372,2023-02-17 12:18:31
428,13.819152,100.504349,2023-02-17 13:34:36
429,13.819399,100.503922,2023-02-17 16:31:55
430,13.819399,100.503922,2023-02-17 16:31:55
431,13.819399,100.504059,2023-02-17 16:32:12
432,13.819399,100.504059,2023-02-17 16:32:12
433,13.819342,100.504448,2023-02-17 16:37:49
434,13.81932,100.504402,2023-02-17 16:44:31
435,13.819272,100.504486,2023-02-17 16:48:38
436,13.819343,100.504356,2023-02-17 16:54:30
437,13.819305,100.504395,2023-02-17 16:59:11
438,13.819305,100.504395,2023-02-17 16:59:11
439,13.819251,100.50441,2023-02-17 17:04:52
440,13.819347,100.504204,2023-02-17 17:09:29
441,13.819347,100.504204,2023-02-17 17:09:29
442,13.819297,100.504333,2023-02-17 17:16:25
443,13.819344,100.504372,2023-02-17 17:21:02
444,13.819344,100.504372,2023-02-17 17:21:02
445,13.819294,100.50441,2023-02-17 17:26:01
446,13.819294,100.50441,2023-02-17 17:26:01
447,13.81927,100.504326,2023-02-17 17:32:39
448,13.819281,100.50441,2023-02-18 11:59:22
449,13.819137,100.504501,2023-02-18 12:20:14
450,13.819381,100.504166,2023-02-18 12:30:41
451,13.819411,100.504242,2023-02-18 12:40:38
452,13.819262,100.504303,2023-02-18 12:45:18
453,13.819262,100.504303,2023-02-18 12:45:18
454,13.819357,100.504326,2023-02-18 12:50:19
455,13.819357,100.504326,2023-02-18 12:50:19
456,13.819267,100.504402,2023-02-18 12:58:34
457,13.819267,100.504402,2023-02-18 12:58:34
458,13.81928,100.504333,2023-02-18 13:12:33
459,13.81928,100.504333,2023-02-18 13:12:33
460,13.819353,100.504463,2023-02-18 13:17:00
461,13.819353,100.504463,2023-02-18 13:17:00
462,13.819266,100.504219,2023-02-18 13:17:06
463,13.819266,100.504219,2023-02-18 13:17:06
464,13.819058,100.504456,2023-02-18 13:59:27
465,13.819248,100.504395,2023-02-18 14:03:32
466,13.819338,100.504387,2023-02-18 14:08:22
467,13.819247,100.504364,2023-02-18 14:14:06
468,13.819388,100.504539,2023-02-18 14:53:06
469,13.819255,100.504448,2023-02-18 16:01:03
470,13.819329,100.504433,2023-02-18 16:05:42
471,13.81932,100.504387,2023-02-18 16:10:51
472,13.819362,100.504349,2023-02-18 16:15:44
473,13.819349,100.50441,2023-02-18 16:20:43
474,13.81934,100.504684,2023-02-18 16:25:41
475,13.81934,100.504684,2023-02-18 16:25:41
476,13.819301,100.504417,2023-02-18 16:32:44
477,13.819308,100.504456,2023-02-18 16:37:36
478,13.819196,100.504585,2023-02-18 16:42:36
479,13.819256,100.504356,2023-02-18 16:47:36
480,13.819256,100.504356,2023-02-18 16:47:36
481,13.819323,100.504417,2023-02-18 16:52:53
482,13.819323,100.504417,2023-02-18 16:52:53
483,13.81928,100.504333,2023-02-19 05:08:36
484,13.819315,100.504433,2023-02-19 05:18:59
485,13.819295,100.504456,2023-02-19 07:24:31
486,13.819282,100.50441,2023-02-19 07:29:00
487,13.819282,100.50441,2023-02-19 07:29:00
488,13.819308,100.50444,2023-02-19 07:56:16
489,13.819374,100.504356,2023-02-19 08:06:24
490,13.819051,100.504333,2023-02-19 09:12:46
491,13.819126,100.504463,2023-02-19 09:36:47
492,13.819126,100.504463,2023-02-19 09:36:47
493,13.819228,100.504478,2023-02-19 10:29:17
494,13.819161,100.504433,2023-02-19 10:34:15
495,13.819212,100.504501,2023-02-19 10:39:19
496,13.819196,100.504471,2023-02-19 10:44:21
497,13.81911,100.504356,2023-02-19 10:49:19
498,13.819256,100.504433,2023-02-19 11:37:03
499,13.819227,100.504387,2023-02-19 11:41:30
500,13.819249,100.504349,2023-02-19 11:51:35
501,13.819223,100.504356,2023-02-19 11:56:13
502,13.819221,100.504395,2023-02-19 12:01:11
503,13.819255,100.50444,2023-02-19 12:06:11
504,13.819255,100.50444,2023-02-19 12:06:11
505,13.819188,100.504379,2023-02-19 12:13:01
506,13.819265,100.504395,2023-02-19 12:17:26
507,13.819265,100.504395,2023-02-19 12:17:26
508,13.819249,100.504395,2023-02-19 12:29:03
509,13.819249,100.504395,2023-02-19 12:29:03
510,13.819246,100.504265,2023-02-19 12:34:01
511,13.819241,100.504311,2023-02-19 12:42:03
512,13.819364,100.504333,2023-02-19 14:54:13
513,13.819267,100.504311,2023-02-19 14:59:19
514,13.81936,100.504364,2023-02-19 15:29:31
515,13.81936,100.504364,2023-02-19 15:29:31
516,13.81928,100.504318,2023-02-19 15:30:03
517,13.81928,100.504318,2023-02-19 15:30:03
518,13.819166,100.504395,2023-02-19 15:58:25
519,13.819166,100.504395,2023-02-19 15:58:25
520,13.819423,100.504585,2023-02-19 16:35:40
521,13.819273,100.504478,2023-02-19 16:40:16
522,13.819215,100.504288,2023-02-19 16:45:12
523,13.819367,100.504318,2023-02-19 17:37:27
524,13.819159,100.50457,2023-02-19 19:02:03
525,13.819164,100.504555,2023-02-19 19:02:10
526,13.819164,100.504555,2023-02-19 19:02:10
527,13.819097,100.504311,2023-02-20 13:17:28
528,13.819328,100.504471,2023-02-20 16:38:37
529,13.819328,100.504471,2023-02-20 16:38:37
530,13.819218,100.504608,2023-02-20 16:39:13
531,13.819227,100.504395,2023-02-20 18:26:12
532,13.819322,100.504593,2023-02-20 18:31:24
533,13.819287,100.504684,2023-02-20 18:36:19
534,13.819287,100.504684,2023-02-20 18:36:19
535,13.819206,100.504494,2023-02-20 18:50:23
536,13.819021,100.504646,2023-02-20 18:55:32
537,13.819021,100.504646,2023-02-20 18:55:32
538,13.819191,100.504158,2023-02-21 06:09:45
539,13.819178,100.50425,2023-02-21 07:14:56
540,13.819173,100.504257,2023-02-21 07:20:13
541,13.819264,100.504082,2023-02-21 07:25:59
542,13.819264,100.504082,2023-02-21 07:25:59
543,13.819282,100.504204,2023-02-21 07:36:06
544,13.81932,100.504196,2023-02-21 07:52:32
545,13.819428,100.504242,2023-02-21 08:08:21
546,13.819147,100.504128,2023-02-21 08:12:47
547,13.819394,100.504395,2023-02-21 08:17:35
548,13.81926,100.504471,2023-02-21 10:33:27
549,13.819215,100.504402,2023-02-21 10:38:52
550,13.819215,100.504402,2023-02-21 10:38:52
551,13.819209,100.50415,2023-02-21 10:42:38
552,13.819155,100.50415,2023-02-21 10:47:34
553,13.81957,100.504128,2023-02-21 11:17:01
554,13.820003,100.504303,2023-02-21 11:38:18
555,13.819809,100.504173,2023-02-21 11:43:18
556,13.819207,100.504021,2023-02-21 11:47:54
557,13.819207,100.504021,2023-02-21 11:47:54
558,13.818721,100.504372,2023-02-21 11:52:36
559,13.819105,100.504242,2023-02-21 11:57:27
560,13.819105,100.504242,2023-02-21 11:57:27
561,13.819048,100.504372,2023-02-21 12:27:31
562,13.818992,100.504364,2023-02-21 12:32:15
563,13.819046,100.504433,2023-02-21 12:37:18
564,13.819046,100.504433,2023-02-21 12:37:18
565,13.819011,100.50441,2023-02-21 13:13:03
566,13.819046,100.504402,2023-02-21 13:17:26
567,13.819046,100.504402,2023-02-21 13:17:26
568,13.819028,100.504478,2023-02-21 13:45:03
569,13.819083,100.504417,2023-02-21 14:20:02
570,13.819015,100.504623,2023-02-21 15:24:49
571,13.819173,100.504303,2023-02-21 15:51:11
572,13.819173,100.504303,2023-02-21 15:51:11
573,13.819613,100.505081,2023-02-21 15:59:36
574,13.819257,100.504547,2023-02-21 16:04:09
575,13.819161,100.504379,2023-02-21 16:09:09
576,13.819195,100.504417,2023-02-21 16:14:12
577,13.819143,100.504364,2023-02-21 16:19:14
578,13.819143,100.504364,2023-02-21 16:19:14
579,13.819225,100.504501,2023-02-21 16:19:56
580,13.819225,100.504501,2023-02-21 16:19:56
581,13.819206,100.504417,2023-02-21 16:24:55
582,13.819206,100.504417,2023-02-21 16:24:55
583,13.819311,100.504799,2023-02-21 16:29:48
584,13.81927,100.504494,2023-02-21 16:29:56
585,13.81927,100.504494,2023-02-21 16:29:56
586,13.81971,100.504257,2023-02-21 16:40:17
587,13.819518,100.504524,2023-02-21 16:45:10
588,13.819493,100.504547,2023-02-21 16:50:13
589,13.819289,100.50473,2023-02-21 16:55:03
590,13.819289,100.50473,2023-02-21 16:55:03
591,13.819102,100.504753,2023-02-21 17:00:15
592,13.819299,100.504852,2023-02-21 17:10:33
593,13.819299,100.504852,2023-02-21 17:10:33
594,13.819196,100.504631,2023-02-21 17:15:24
595,13.819196,100.504631,2023-02-21 17:15:24
596,13.819212,100.504547,2023-02-21 17:20:32
597,13.819293,100.504814,2023-02-21 19:12:00
598,13.819269,100.504707,2023-02-21 19:16:47
599,13.819269,100.504707,2023-02-21 19:16:47
600,13.819328,100.504295,2023-02-22 06:14:04
601,13.819224,100.50425,2023-02-22 06:18:49
602,13.819224,100.50425,2023-02-22 06:18:49
603,13.819302,100.504234,2023-02-22 06:26:11
604,13.819266,100.504128,2023-02-22 06:30:27
605,13.819266,100.504128,2023-02-22 06:30:27
606,13.819292,100.504311,2023-02-22 06:35:28
607,13.819292,100.504311,2023-02-22 06:35:28
608,13.819339,100.504234,2023-02-22 06:40:30
609,13.819339,100.504234,2023-02-22 06:40:30
610,13.819315,100.504333,2023-02-22 06:53:01
611,13.819216,100.504173,2023-02-22 06:58:32
612,13.819288,100.504288,2023-02-22 07:04:05
613,13.819288,100.504288,2023-02-22 07:04:05
614,13.81939,100.504272,2023-02-22 07:10:23
615,13.81939,100.504272,2023-02-22 07:10:23
616,13.819303,100.504303,2023-02-22 07:15:31
617,13.819303,100.504303,2023-02-22 07:15:31
618,13.819314,100.504265,2023-02-22 07:16:16
619,13.819314,100.504265,2023-02-22 07:16:16
620,13.819365,100.504387,2023-02-22 07:27:52
621,13.819463,100.504173,2023-02-22 07:32:52
622,13.819463,100.504173,2023-02-22 07:32:52
623,13.819275,100.504311,2023-02-22 08:13:05
624,13.819349,100.504555,2023-02-22 08:17:44
625,13.819392,100.50425,2023-02-22 08:22:33
626,13.819392,100.50425,2023-02-22 08:22:33
627,13.819384,100.504227,2023-02-22 08:28:43
628,13.819384,100.504227,2023-02-22 08:28:43
629,13.819275,100.504265,2023-02-22 08:51:21
630,13.819394,100.504265,2023-02-22 08:57:15
631,13.819772,100.504532,2023-02-22 09:37:03
632,13.819794,100.504547,2023-02-22 09:37:05
633,13.819794,100.504547,2023-02-22 09:37:05
634,13.819307,100.504272,2023-02-22 10:28:30
635,13.819307,100.504272,2023-02-22 10:28:30
636,13.819383,100.504196,2023-02-22 11:48:35
637,13.819383,100.504196,2023-02-22 11:48:35
638,13.819379,100.504227,2023-02-22 12:42:19
639,13.819379,100.504227,2023-02-22 12:42:19
640,13.819291,100.50428,2023-02-22 15:44:38
641,13.819284,100.504311,2023-02-22 15:49:37
642,13.819283,100.50425,2023-02-22 15:54:51
643,13.819283,100.50425,2023-02-22 15:54:51
644,13.819323,100.504242,2023-02-22 15:59:54
645,13.819346,100.504326,2023-02-22 16:04:42
646,13.819377,100.504372,2023-02-22 16:10:07
647,13.819391,100.50428,2023-02-22 16:14:42
648,13.819384,100.50425,2023-02-22 16:19:51
649,13.819384,100.50425,2023-02-22 16:19:51
650,13.819379,100.504257,2023-02-22 16:19:53
651,13.819379,100.504257,2023-02-22 16:19:53
652,13.8194,100.504272,2023-02-22 16:25:19
653,13.819377,100.504349,2023-02-22 16:30:24
654,13.819443,100.504211,2023-02-22 16:35:20
655,13.819443,100.504211,2023-02-22 16:35:20
656,13.819388,100.504364,2023-02-22 16:40:19
657,13.819268,100.504333,2023-02-22 16:45:31
658,13.819268,100.504333,2023-02-22 16:45:31
659,13.819378,100.504379,2023-02-22 16:50:25
660,13.819373,100.504265,2023-02-22 16:55:24
661,13.819369,100.504219,2023-02-22 17:00:22
662,13.819337,100.504364,2023-02-22 17:05:25
663,13.819331,100.504326,2023-02-22 17:10:25
664,13.819326,100.504311,2023-02-22 17:15:31
665,13.819326,100.504311,2023-02-22 17:15:31
666,13.819349,100.504272,2023-02-22 17:20:27
667,13.81938,100.504311,2023-02-22 17:25:31
668,13.819559,100.504257,2023-02-22 17:30:37
669,13.819344,100.504265,2023-02-22 17:35:27
670,13.819344,100.504265,2023-02-22 17:35:27
671,13.819333,100.50441,2023-02-22 17:40:32
672,13.819333,100.50441,2023-02-22 17:40:32
673,13.819704,100.504341,2023-02-22 17:50:46
674,13.819704,100.504341,2023-02-22 17:50:46
675,13.819317,100.504272,2023-02-22 18:14:48
676,13.819317,100.504272,2023-02-22 18:14:48
677,13.819317,100.504265,2023-02-22 18:19:12
678,13.819317,100.504265,2023-02-22 18:19:12
679,13.819215,100.504326,2023-02-22 18:24:16
680,13.819521,100.504333,2023-02-22 18:29:28
681,13.819359,100.504295,2023-02-22 18:33:55
682,13.819359,100.504295,2023-02-22 18:33:55
683,13.819341,100.504303,2023-02-22 18:38:54
684,13.819341,100.504303,2023-02-22 18:38:54
685,13.819293,100.504265,2023-02-22 18:47:59
686,13.819409,100.504349,2023-02-22 18:52:18
687,13.819409,100.504349,2023-02-22 18:52:18
688,13.819413,100.504486,2023-02-22 18:53:17
689,13.819442,100.504349,2023-02-22 18:58:18
690,13.819319,100.504395,2023-02-22 19:03:32
691,13.819319,100.504395,2023-02-22 19:03:32
692,13.819325,100.504135,2023-02-23 08:27:30
693,13.819335,100.504128,2023-02-23 08:31:31
694,13.819408,100.504051,2023-02-24 07:59:39
695,13.819408,100.504051,2023-02-24 07:59:39
696,13.821025,100.503746,2023-02-24 08:19:21
697,13.819491,100.504173,2023-02-24 08:23:41
698,13.819491,100.504173,2023-02-24 08:23:41
699,13.819457,100.504189,2023-02-24 08:29:01
700,13.819457,100.504189,2023-02-24 08:29:01
701,13.819457,100.504189,2023-02-24 08:29:01
702,13.819577,100.504135,2023-02-24 08:33:23
703,13.819357,100.504005,2023-02-24 09:19:11
704,13.819267,100.504021,2023-02-24 09:35:08
705,13.819267,100.504021,2023-02-24 09:35:08
706,13.819315,100.503998,2023-02-24 09:39:37
707,13.819373,100.504074,2023-02-24 09:44:36
708,13.819319,100.503922,2023-02-24 09:49:49
709,13.81937,100.504028,2023-02-24 09:54:38
710,13.819488,100.503899,2023-02-24 09:59:49
711,13.819248,100.503761,2023-02-24 10:05:02
712,13.819248,100.503761,2023-02-24 10:05:02
713,13.819248,100.503761,2023-02-24 10:05:09
714,13.819385,100.504051,2023-02-24 10:10:32
715,13.819456,100.50425,2023-02-24 10:26:46
716,13.819368,100.504204,2023-02-24 10:30:42
717,13.819304,100.504227,2023-02-24 10:35:50
718,13.819238,100.504189,2023-02-24 10:40:43
719,13.819238,100.504189,2023-02-24 10:40:43
720,13.819497,100.50425,2023-02-24 10:45:43
721,13.819532,100.504295,2023-02-24 10:50:46
722,13.819532,100.504295,2023-02-24 10:50:46
723,13.819441,100.504272,2023-02-24 10:55:51
724,13.819441,100.504272,2023-02-24 10:55:51
725,13.819413,100.504265,2023-02-24 10:55:55
726,13.819419,100.504173,2023-02-24 11:02:01
727,13.819841,100.504257,2023-02-24 11:19:01
728,13.819285,100.504311,2023-02-24 11:23:59
729,13.819285,100.504311,2023-02-24 11:23:59
730,13.819269,100.504318,2023-02-24 11:24:01
731,13.819269,100.504318,2023-02-24 11:24:01
732,13.819236,100.504181,2023-02-24 11:52:03
733,13.819236,100.504181,2023-02-24 11:52:03
734,13.819353,100.504341,2023-02-24 11:56:27
735,13.819289,100.504356,2023-02-24 12:01:34
736,13.819401,100.504326,2023-02-24 12:06:40
737,13.819401,100.504326,2023-02-24 12:06:40
738,13.819294,100.504257,2023-02-24 12:11:19
739,13.819362,100.504204,2023-02-24 12:16:17
740,13.819362,100.504204,2023-02-24 12:16:17
741,13.819454,100.504211,2023-02-24 12:21:26
742,13.819326,100.504234,2023-02-24 12:26:26
743,13.819354,100.504173,2023-02-24 12:31:29
744,13.819354,100.504173,2023-02-24 12:31:29
745,13.819401,100.504265,2023-02-24 12:43:16
746,13.819333,100.504295,2023-02-24 12:47:29
747,13.819296,100.50428,2023-02-24 12:52:31
748,13.819296,100.50428,2023-02-24 12:52:31
749,13.819298,100.504303,2023-02-24 12:54:39
750,13.819264,100.504265,2023-02-24 12:59:06
751,13.819264,100.504265,2023-02-24 12:59:06
752,13.819264,100.504265,2023-02-24 12:59:06
753,13.819209,100.50415,2023-02-24 13:04:08
754,13.819209,100.50415,2023-02-24 13:04:08
755,13.819287,100.504364,2023-02-24 18:33:11
756,13.819287,100.504364,2023-02-24 18:33:11
757,13.819344,100.504341,2023-02-24 18:38:10
758,13.81933,100.504402,2023-02-24 18:43:12
759,13.819436,100.504257,2023-02-24 19:49:09
760,13.819389,100.504257,2023-02-24 19:59:04
761,13.819345,100.504082,2023-02-24 21:49:46
762,13.819513,100.504227,2023-02-24 22:58:38
763,13.819381,100.504158,2023-02-24 23:02:26
764,13.819072,100.504402,2023-02-25 06:29:32
765,13.819067,100.504372,2023-02-25 06:34:13
766,13.819211,100.504433,2023-02-25 06:39:18
767,13.819211,100.504433,2023-02-25 06:39:18
768,13.819186,100.504318,2023-02-25 06:45:08
769,13.819286,100.504326,2023-02-25 06:50:03
770,13.819211,100.504288,2023-02-25 07:28:05
771,13.819273,100.504364,2023-02-25 07:32:20
772,13.819296,100.504745,2023-02-25 07:37:39
773,13.819296,100.504745,2023-02-25 07:37:39
774,13.819308,100.504379,2023-02-25 07:42:32
775,13.819308,100.504379,2023-02-25 07:42:32
776,13.819255,100.504448,2023-02-25 07:47:30
777,13.819255,100.504448,2023-02-25 07:47:30
778,13.819144,100.504387,2023-02-25 07:57:32
779,13.819161,100.504234,2023-02-25 08:02:33
780,13.819106,100.504082,2023-02-25 08:07:43
781,13.819106,100.504082,2023-02-25 08:07:43
782,13.819069,100.504242,2023-02-25 08:12:44
783,13.819069,100.504242,2023-02-25 08:12:44
784,13.819085,100.504272,2023-02-25 08:18:11
785,13.819084,100.50444,2023-02-25 08:23:36
786,13.819084,100.50444,2023-02-25 08:23:36
787,13.819097,100.504448,2023-02-25 08:23:40
788,13.819097,100.504448,2023-02-25 08:23:40
789,13.818925,100.504486,2023-02-25 08:54:51
790,13.818925,100.504486,2023-02-25 08:54:51
791,13.818748,100.504684,2023-02-25 12:55:18
792,13.818748,100.504684,2023-02-25 12:55:18
793,13.818747,100.504677,2023-02-25 13:13:09
794,13.818766,100.504784,2023-02-25 15:56:33
795,13.818766,100.504784,2023-02-25 15:56:33
796,13.818742,100.504829,2023-02-25 16:16:18
797,13.818672,100.504677,2023-02-25 16:27:36
798,13.818672,100.504677,2023-02-25 16:27:36
799,13.818796,100.504913,2023-02-25 16:32:42
800,13.818661,100.504967,2023-02-25 17:03:25
801,13.818661,100.504967,2023-02-25 17:03:25
802,13.818724,100.504997,2023-02-25 17:40:31
803,13.818618,100.505013,2023-02-25 17:45:48
804,13.818618,100.505013,2023-02-25 17:45:48
805,13.818581,100.505005,2023-02-25 18:34:21
806,13.818807,100.504776,2023-02-25 18:51:59
807,13.818807,100.504776,2023-02-25 18:51:59
808,13.818795,100.504646,2023-02-25 19:07:00
809,13.818836,100.504684,2023-02-25 19:11:50
810,13.818817,100.504684,2023-02-25 19:21:54
811,13.818837,100.504662,2023-02-25 19:26:54
812,13.818769,100.504646,2023-02-25 20:22:00
813,13.8188,100.504669,2023-02-25 20:28:30
814,13.818805,100.504738,2023-02-25 20:33:09
815,13.818805,100.504738,2023-02-25 20:33:09
816,13.81877,100.50473,2023-02-25 20:38:09
817,13.818779,100.504692,2023-02-25 20:43:12
818,13.818892,100.504654,2023-02-25 20:48:25
819,13.818892,100.504654,2023-02-25 20:48:25
820,13.819642,100.505035,2023-02-26 17:31:01
821,13.81869,100.504929,2023-02-26 17:40:41
822,13.818797,100.505028,2023-02-26 17:46:12
823,13.818797,100.505028,2023-02-26 17:46:12
824,13.818923,100.505112,2023-02-26 18:07:01
825,13.818817,100.504601,2023-02-26 21:28:33
826,13.818817,100.504601,2023-02-26 21:28:33
827,13.81865,100.504951,2023-02-27 13:15:00
828,13.818669,100.504967,2023-02-27 13:18:45
829,13.81844,100.505264,2023-02-27 13:24:34
830,13.81844,100.505264,2023-02-27 13:24:34
831,13.818508,100.504883,2023-02-27 13:36:24
832,13.81876,100.505074,2023-02-27 13:42:09
833,13.81876,100.505074,2023-02-27 13:42:09
834,13.818864,100.505028,2023-02-27 13:55:48
835,13.819262,100.504761,2023-02-28 10:42:36
836,13.818654,100.504539,2023-02-28 10:54:10
837,13.818654,100.504539,2023-02-28 10:54:10
838,13.818597,100.504929,2023-02-28 12:07:22
839,13.818614,100.504951,2023-02-28 12:11:49
840,13.818614,100.504951,2023-02-28 12:11:49
841,13.818489,100.504852,2023-02-28 13:10:55
842,13.818489,100.504852,2023-02-28 13:10:55
843,13.818751,100.505066,2023-02-28 13:15:54
844,13.81884,100.504669,2023-02-28 13:34:43
845,13.819072,100.505325,2023-02-28 15:02:09
846,13.819029,100.505272,2023-02-28 15:02:19
847,13.819029,100.505272,2023-02-28 15:02:19
848,13.818778,100.504951,2023-02-28 16:07:05
849,13.818778,100.504951,2023-02-28 16:07:05
850,13.818801,100.505058,2023-02-28 16:19:38
851,13.818822,100.505096,2023-02-28 16:23:38
852,13.818704,100.50518,2023-02-28 19:19:40
853,13.818739,100.504768,2023-02-28 19:24:44
854,13.818676,100.504684,2023-02-28 19:30:14
855,13.818688,100.504982,2023-02-28 19:34:57
856,13.818624,100.504898,2023-02-28 19:39:40
857,13.818642,100.50502,2023-02-28 19:45:08
858,13.818583,100.505409,2023-02-28 19:58:21
859,13.818671,100.504921,2023-02-28 20:02:17
860,13.818721,100.504761,2023-02-28 20:12:53
861,13.818721,100.504761,2023-02-28 20:12:53
862,13.81868,100.504967,2023-03-01 03:28:27
863,13.81883,100.504982,2023-03-01 04:14:02
864,13.81877,100.504852,2023-03-01 06:58:58
865,13.818789,100.50486,2023-03-01 08:07:02
866,13.81873,100.504807,2023-03-01 08:11:45
867,13.818642,100.504784,2023-03-01 08:16:43
868,13.81878,100.504799,2023-03-01 08:22:09
869,13.81878,100.504799,2023-03-01 08:22:09
870,13.818723,100.504822,2023-03-01 09:21:13
871,13.818723,100.504822,2023-03-01 09:21:13
872,13.818709,100.50489,2023-03-01 09:25:22
873,13.818748,100.504959,2023-03-01 09:30:21
874,13.818659,100.504692,2023-03-01 09:35:08
875,13.818659,100.504692,2023-03-01 09:35:08
876,13.818645,100.504684,2023-03-01 09:35:17
877,13.818763,100.504974,2023-03-01 09:40:40
878,13.818763,100.504974,2023-03-01 09:40:40
879,13.818651,100.504761,2023-03-01 10:13:35
880,13.818702,100.504776,2023-03-01 10:17:57
881,13.818769,100.504868,2023-03-01 10:22:51
882,13.818769,100.504868,2023-03-01 10:22:51
883,13.818735,100.504814,2023-03-01 10:56:15
884,13.818781,100.504868,2023-03-01 11:00:15
885,13.818671,100.504921,2023-03-01 11:47:12
886,13.818671,100.504921,2023-03-01 11:47:12
887,13.818729,100.504921,2023-03-01 11:55:16
888,13.818729,100.504921,2023-03-01 11:55:16
889,13.818762,100.504807,2023-03-01 12:00:18
890,13.818762,100.504807,2023-03-01 12:00:18
891,13.81868,100.504845,2023-03-01 12:05:28
892,13.81868,100.504845,2023-03-01 12:05:28
893,13.818654,100.504959,2023-03-01 12:10:30
894,13.818654,100.504959,2023-03-01 12:10:30
895,13.818618,100.504791,2023-03-01 12:15:23
896,13.818618,100.504791,2023-03-01 12:15:23
897,13.81863,100.50486,2023-03-01 12:20:22
898,13.818598,100.504845,2023-03-01 12:25:17
899,13.818587,100.504875,2023-03-01 12:30:25
900,13.818586,100.504883,2023-03-01 12:35:32
901,13.818611,100.505074,2023-03-01 12:40:42
902,13.818594,100.50489,2023-03-01 12:45:42
903,13.818594,100.50489,2023-03-01 12:45:42
904,13.818581,100.504982,2023-03-01 16:03:29
905,13.818571,100.504936,2023-03-01 16:08:45
906,13.818571,100.504936,2023-03-01 16:08:45
907,13.818397,100.505096,2023-03-02 07:16:38
908,13.818609,100.504868,2023-03-02 07:36:20
909,13.818592,100.50486,2023-03-02 07:41:27
910,13.818555,100.505013,2023-03-02 12:33:28
911,13.818669,100.504944,2023-03-02 14:25:32
912,13.818669,100.504944,2023-03-02 14:25:32
913,13.818643,100.50515,2023-03-02 14:35:06
914,13.818643,100.50515,2023-03-02 14:35:06
915,13.818589,100.504967,2023-03-02 14:39:37
916,13.81855,100.504883,2023-03-02 14:44:48
917,13.818539,100.505074,2023-03-04 14:50:40
918,13.818452,100.505104,2023-03-04 15:16:19
919,13.818567,100.505127,2023-03-04 15:20:50
920,13.818504,100.50518,2023-03-04 15:25:52
921,13.818504,100.50518,2023-03-04 15:25:52
922,13.818558,100.505173,2023-03-04 15:54:39
923,13.818399,100.504974,2023-03-04 15:59:28
924,13.81859,100.505234,2023-03-04 16:04:27
925,13.81859,100.505234,2023-03-04 16:04:27
926,13.818406,100.505127,2023-03-04 16:09:28
927,13.818598,100.505035,2023-03-04 16:14:42
928,13.818598,100.505035,2023-03-04 16:14:42
929,13.81857,100.504951,2023-03-04 16:19:46
930,13.818427,100.505173,2023-03-04 17:06:05
931,13.818427,100.505173,2023-03-04 17:06:05
932,13.818578,100.505219,2023-03-04 17:10:39
933,13.818511,100.505257,2023-03-04 17:15:54
934,13.818558,100.505211,2023-03-04 17:21:23
935,13.818558,100.505211,2023-03-04 17:21:23
936,13.818415,100.505157,2023-03-05 12:33:25
937,13.818415,100.505157,2023-03-05 12:33:25
938,13.818393,100.505219,2023-03-05 13:07:22
939,13.818008,100.505127,2023-03-05 13:42:20
940,13.818008,100.505127,2023-03-05 13:42:20
941,13.818576,100.505188,2023-03-05 14:11:46
942,13.818514,100.505241,2023-03-05 14:15:39
943,13.818566,100.505241,2023-03-05 14:20:45
944,13.818566,100.505241,2023-03-05 14:20:45
945,13.818357,100.505356,2023-03-05 14:45:54
946,13.818386,100.505341,2023-03-05 14:45:55
947,13.818386,100.505341,2023-03-05 14:45:55
948,13.818291,100.505409,2023-03-05 14:46:03
949,13.818291,100.505409,2023-03-05 14:46:03
950,13.818291,100.505409,2023-03-05 14:46:03
951,13.818364,100.505432,2023-03-05 14:50:49
952,13.818374,100.505379,2023-03-05 14:53:32
953,13.818374,100.505379,2023-03-05 14:53:32
954,13.818406,100.505417,2023-03-05 15:04:54
955,13.818508,100.50544,2023-03-05 15:15:24
956,13.818605,100.505798,2023-03-05 15:20:31
957,13.818509,100.505432,2023-03-05 15:25:26
958,13.818509,100.505432,2023-03-05 15:25:26
959,13.81854,100.505409,2023-03-05 15:30:29
960,13.818508,100.505463,2023-03-05 15:35:40
961,13.818556,100.505539,2023-03-05 15:40:42
962,13.818556,100.505539,2023-03-05 15:40:42
963,13.818554,100.505447,2023-03-05 16:27:18
964,13.818453,100.505455,2023-03-05 16:32:41
965,13.818773,100.505493,2023-03-05 16:37:18
966,13.818773,100.505493,2023-03-05 16:37:18
967,13.818514,100.505356,2023-03-05 17:17:01
968,13.818514,100.505356,2023-03-05 17:17:01
969,13.818514,100.505356,2023-03-05 17:17:01
970,13.818514,100.505356,2023-03-05 17:17:01
971,13.818511,100.505356,2023-03-05 17:17:04
972,13.818511,100.505356,2023-03-05 17:17:04
973,13.818511,100.505356,2023-03-05 17:17:04
974,13.818511,100.505356,2023-03-05 17:17:04
975,13.818396,100.505547,2023-03-05 17:38:05
976,13.818396,100.505547,2023-03-05 17:38:05
977,13.818529,100.505219,2023-03-05 17:47:56
978,13.818529,100.505219,2023-03-05 17:47:56
979,13.818289,100.505135,2023-03-06 07:49:17
980,13.818462,100.505142,2023-03-06 11:40:05
981,13.818462,100.505142,2023-03-06 11:40:05
982,13.818462,100.505142,2023-03-06 11:40:05
983,13.818448,100.505173,2023-03-06 12:04:53
984,13.818448,100.505173,2023-03-06 12:04:53
985,13.818309,100.505295,2023-03-06 13:41:39
986,13.818622,100.505341,2023-03-06 13:47:01
987,13.81821,100.505478,2023-03-06 14:00:45
988,13.818337,100.505196,2023-03-06 14:05:07
989,13.818337,100.505196,2023-03-06 14:05:07
990,13.818415,100.505287,2023-03-06 15:33:14
991,13.818306,100.505531,2023-03-06 15:37:24
992,13.818374,100.505119,2023-03-06 15:42:14
993,13.818552,100.505272,2023-03-06 15:47:58
994,13.81819,100.505524,2023-03-06 16:03:19
995,13.81829,100.505333,2023-03-06 16:07:31
996,13.818136,100.505745,2023-03-06 16:22:27
997,13.818355,100.505302,2023-03-06 16:27:27
998,13.818355,100.505302,2023-03-06 16:27:27
999,13.818379,100.505234,2023-03-06 16:32:28
1000,13.81843,100.505211,2023-03-06 16:37:43
1001,13.818384,100.505226,2023-03-06 16:42:42
1002,13.818344,100.505135,2023-03-06 16:47:46
1003,13.818641,100.505173,2023-03-06 16:52:32
1004,13.818641,100.505173,2023-03-06 16:52:32
1005,13.818466,100.505173,2023-03-06 16:57:32
1006,13.81861,100.505188,2023-03-06 17:02:36
1007,13.81861,100.505188,2023-03-06 17:02:36
1008,13.81861,100.505241,2023-03-06 17:07:52
1009,13.8186,100.505142,2023-03-06 17:13:04
1010,13.818622,100.505234,2023-03-06 17:17:49
1011,13.818097,100.50528,2023-03-06 19:33:39
1012,13.818097,100.50528,2023-03-06 19:33:39
1013,13.818394,100.505211,2023-03-06 20:14:00
1014,13.818394,100.505211,2023-03-06 20:14:00
1015,13.81841,100.505348,2023-03-07 04:47:41
1016,13.818306,100.50544,2023-03-07 05:55:16
1017,13.818306,100.50544,2023-03-07 05:55:16
1018,13.818306,100.50544,2023-03-07 05:55:16
1019,13.818377,100.505363,2023-03-07 05:59:51
1020,13.818377,100.505363,2023-03-07 05:59:51
1021,13.818344,100.505241,2023-03-07 06:16:03
1022,13.818399,100.505135,2023-03-07 06:25:34
1023,13.818406,100.505066,2023-03-07 06:29:56
1024,13.818406,100.505066,2023-03-07 06:29:56
1025,13.818406,100.505066,2023-03-07 06:29:56
1026,13.818434,100.505028,2023-03-07 06:34:48
1027,13.818312,100.505295,2023-03-07 06:40:13
1028,13.818337,100.505196,2023-03-07 06:45:17
1029,13.81863,100.504883,2023-03-07 07:16:09
1030,13.81863,100.504883,2023-03-07 07:16:09
1031,13.81863,100.504883,2023-03-07 07:16:09
1032,13.81853,100.504944,2023-03-07 07:19:52
1033,13.818506,100.505005,2023-03-07 07:24:55
1034,13.817826,100.505157,2023-03-07 07:29:57
1035,13.818438,100.504906,2023-03-07 07:35:10
1036,13.817766,100.505051,2023-03-07 07:40:07
1037,13.817766,100.505051,2023-03-07 07:40:07
1038,13.817828,100.505104,2023-03-07 07:44:59
1039,13.817819,100.504974,2023-03-07 07:49:58
1040,13.817819,100.504974,2023-03-07 07:49:58
1041,13.818376,100.504868,2023-03-07 07:55:03
1042,13.818513,100.504639,2023-03-07 07:59:57
1043,13.81852,100.504494,2023-03-07 08:05:02
1044,13.818387,100.50486,2023-03-07 08:09:56
1045,13.818474,100.504929,2023-03-07 08:15:01
1046,13.818359,100.505119,2023-03-07 08:20:03
1047,13.818359,100.505119,2023-03-07 08:20:03
1048,13.818359,100.505119,2023-03-07 08:20:03
1049,13.818412,100.504768,2023-03-07 08:25:01
1050,13.818412,100.504768,2023-03-07 08:25:01
1051,13.818423,100.504936,2023-03-07 08:30:04
1052,13.818342,100.504829,2023-03-07 08:35:03
1053,13.818374,100.50502,2023-03-07 08:40:08
1054,13.818413,100.504936,2023-03-07 08:45:18
1055,13.818504,100.50489,2023-03-07 08:50:07
1056,13.818504,100.50489,2023-03-07 08:50:07
1057,13.818504,100.50489,2023-03-07 08:50:07
1058,13.818355,100.504913,2023-03-07 08:56:18
1059,13.818355,100.504913,2023-03-07 08:56:18
1060,13.818463,100.505157,2023-03-07 08:57:32
1061,13.818463,100.505157,2023-03-07 08:57:32
1062,13.818294,100.505043,2023-03-07 09:02:01
1063,13.818294,100.505043,2023-03-07 09:02:01
1064,13.818482,100.505272,2023-03-07 09:15:40
1065,13.818483,100.50528,2023-03-07 09:15:44
1066,13.818483,100.50528,2023-03-07 09:15:44
1067,13.818431,100.504913,2023-03-07 09:26:17
1068,13.818563,100.505394,2023-03-07 09:32:39
1069,13.818497,100.504959,2023-03-07 09:36:42
1070,13.818497,100.504959,2023-03-07 09:36:42
1071,13.8185,100.505188,2023-03-07 09:41:39
1072,13.8185,100.505188,2023-03-07 09:41:39
1073,13.81838,100.504929,2023-03-07 09:58:36
1074,13.818511,100.504875,2023-03-07 10:05:35
1075,13.818363,100.505051,2023-03-07 10:09:40
1076,13.818405,100.504967,2023-03-07 10:51:37
1077,13.818421,100.505005,2023-03-07 10:56:38
1078,13.818424,100.504929,2023-03-07 11:01:41
1079,13.818424,100.504929,2023-03-07 11:01:41
1080,13.818389,100.505028,2023-03-07 11:57:03
1081,13.818389,100.505028,2023-03-07 11:57:03
1082,13.818427,100.50499,2023-03-07 12:22:01
1083,13.818427,100.50499,2023-03-07 12:22:01
1084,13.818433,100.504959,2023-03-07 12:26:30
1085,13.818414,100.504944,2023-03-07 12:31:34
1086,13.818404,100.504929,2023-03-07 12:31:43
1087,13.818404,100.504929,2023-03-07 12:31:43
1088,13.818709,100.505371,2023-03-07 13:51:33
1089,13.818565,100.505363,2023-03-07 13:55:44
1090,13.818289,100.505219,2023-03-07 14:00:49
1091,13.818289,100.505219,2023-03-07 14:00:49
1092,13.818347,100.505211,2023-03-07 14:16:38
1093,13.818416,100.505463,2023-03-07 14:25:36
1094,13.818295,100.505371,2023-03-07 14:30:30
1095,13.818182,100.505219,2023-03-07 14:35:55
1096,13.818182,100.505219,2023-03-07 14:35:55
1097,13.818272,100.50531,2023-03-07 14:51:20
1098,13.818357,100.505196,2023-03-07 14:56:25
1099,13.818357,100.505196,2023-03-07 14:56:25
1100,13.818295,100.505188,2023-03-07 15:01:27
1101,13.818295,100.505188,2023-03-07 15:01:27
1102,13.818258,100.50518,2023-03-07 15:06:26
1103,13.818196,100.505409,2023-03-07 15:11:30
1104,13.818273,100.505264,2023-03-07 15:16:28
1105,13.818204,100.505165,2023-03-07 15:21:33
1106,13.818259,100.505325,2023-03-07 15:26:37
1107,13.818259,100.505325,2023-03-07 15:26:37
1108,13.818351,100.505402,2023-03-07 15:31:39
1109,13.818085,100.505478,2023-03-07 15:37:01
1110,13.818233,100.505447,2023-03-07 15:41:53
1111,13.818233,100.505447,2023-03-07 15:41:53
1112,13.818482,100.505165,2023-03-07 16:06:48
1113,13.818491,100.505089,2023-03-07 16:11:49
1114,13.818234,100.505028,2023-03-07 17:08:27
1115,13.818234,100.505028,2023-03-07 17:08:27
1116,13.818234,100.505028,2023-03-07 17:08:27
1117,13.818447,100.505112,2023-03-07 17:13:30
1118,13.818363,100.505211,2023-03-07 17:18:42
1119,13.81872,100.505287,2023-03-07 17:23:44
1120,13.818655,100.505356,2023-03-07 17:33:25
1121,13.818511,100.505592,2023-03-07 17:38:47
1122,13.818511,100.505592,2023-03-07 17:38:47
1123,13.818412,100.505547,2023-03-07 17:43:52
1124,13.818412,100.505547,2023-03-07 17:43:52
1125,13.818412,100.505554,2023-03-07 17:43:55
1126,13.818412,100.505554,2023-03-07 17:43:55
1127,13.818556,100.505295,2023-03-07 17:48:42
1128,13.818556,100.505295,2023-03-07 17:48:42
1129,13.818542,100.505051,2023-03-08 07:01:50
1130,13.818735,100.504883,2023-03-08 07:07:13
1131,13.81853,100.505028,2023-03-08 07:12:17
1132,13.818654,100.504799,2023-03-08 07:16:34
1133,13.818654,100.504799,2023-03-08 07:16:34
1134,13.818655,100.504799,2023-03-08 07:16:37
1135,13.818655,100.504799,2023-03-08 07:16:37
1136,13.818566,100.505051,2023-03-08 07:21:49
1137,13.818575,100.505051,2023-03-08 07:21:58
1138,13.818575,100.505051,2023-03-08 07:21:58
1139,13.818686,100.504951,2023-03-08 07:26:33
1140,13.818692,100.504898,2023-03-08 07:38:31
1141,13.818677,100.504982,2023-03-08 07:43:22
1142,13.818677,100.504982,2023-03-08 07:43:22
1143,13.818617,100.504967,2023-03-08 07:48:20
1144,13.818617,100.504967,2023-03-08 07:48:20
1145,13.818373,100.504875,2023-03-08 07:48:28
1146,13.818584,100.504913,2023-03-08 08:04:54
1147,13.818584,100.504913,2023-03-08 08:04:54
1148,13.818412,100.504715,2023-03-08 08:06:13
1149,13.818547,100.504807,2023-03-08 08:10:47
1150,13.818547,100.504807,2023-03-08 08:10:47
1151,13.818486,100.50502,2023-03-08 11:54:33
1152,13.818467,100.505051,2023-03-08 12:12:37
1153,13.818467,100.505051,2023-03-08 12:12:37
1154,13.818431,100.504967,2023-03-08 12:25:33
1155,13.818331,100.505402,2023-03-08 15:18:10
1156,13.818331,100.505402,2023-03-08 15:18:10
1157,13.818331,100.505402,2023-03-08 15:18:10
1158,13.818407,100.505287,2023-03-08 16:41:56
1159,13.818407,100.505287,2023-03-08 16:41:56
1160,13.818429,100.505257,2023-03-08 16:55:24
1161,13.818373,100.505264,2023-03-08 17:00:21
1162,13.818424,100.505157,2023-03-08 17:06:35
1163,13.818473,100.505096,2023-03-08 17:11:41
1164,13.818496,100.505356,2023-03-08 17:16:34
1165,13.818496,100.505356,2023-03-08 17:16:34
1166,13.818496,100.505356,2023-03-08 17:16:34
1167,13.8184,100.505142,2023-03-08 17:21:37
1168,13.8184,100.505142,2023-03-08 17:21:37
1169,13.818765,100.504967,2023-03-08 17:26:40
1170,13.818765,100.504967,2023-03-08 17:26:40
1171,13.818364,100.50518,2023-03-08 17:28:16
1172,13.818413,100.505157,2023-03-08 17:32:43
1173,13.818413,100.505157,2023-03-08 17:32:43
1174,13.818417,100.505196,2023-03-08 17:37:30
1175,13.818427,100.505226,2023-03-08 17:42:36
1176,13.818427,100.505226,2023-03-08 17:42:36
1177,13.818404,100.505219,2023-03-09 17:12:14
1178,13.818404,100.505219,2023-03-09 17:12:14
1179,13.818404,100.505219,2023-03-09 17:12:14
1180,13.818404,100.505219,2023-03-09 17:12:14
1181,13.818354,100.505157,2023-03-09 17:17:59
1182,13.818354,100.505157,2023-03-09 17:17:59
1183,13.818498,100.505196,2023-03-09 17:21:49
1184,13.818498,100.505196,2023-03-09 17:21:49
1185,13.818532,100.504967,2023-03-11 07:35:21
1186,13.818532,100.504967,2023-03-11 07:35:21
1187,13.818532,100.504967,2023-03-11 07:35:21
1188,13.818213,100.505379,2023-03-11 12:52:15
1189,13.818213,100.505379,2023-03-11 12:52:15
1190,13.818338,100.505157,2023-03-11 13:06:58
1191,13.818338,100.505157,2023-03-11 13:06:58
1192,13.818311,100.505272,2023-03-11 13:54:26
1193,13.818311,100.505272,2023-03-11 13:54:26
1194,13.818339,100.505363,2023-03-11 13:59:11
1195,13.818326,100.505234,2023-03-11 18:04:36
1196,13.818419,100.505135,2023-03-13 06:18:56
1197,13.81831,100.505226,2023-03-13 13:00:24
1198,13.81831,100.505226,2023-03-13 13:00:24
